mean_intensity,contrast,sharpness,noise_level,label
88.98331915935046,47.499051728887935,208.77148013145307,2362.789655502111,clear
119.52186509916582,50.473321111726115,2551.892694886314,2501.0736359563666,clear
188.76715946764864,55.41842945043167,735.907613259369,3018.4741642107174,clear
87.3994057348583,51.83338941384325,185.62036119767254,2575.224057702033,clear
83.50424355883519,51.199925983233996,507.24727934053243,2639.381345490138,clear
87.4431973857829,50.99259983727817,1098.481536866036,2685.1849953235956,clear
146.13998300122847,62.57267184071072,2679.0910754134784,3955.826871369709,clear
115.200171527296,58.70476841940454,17080.234529684676,3479.8044836783915,clear
119.52057824684165,49.70232344400987,1159.6118300468038,2507.6463097132737,clear
70.10810608553932,49.07287237054315,684.7893818402542,2560.9100559096933,clear
201.9419608882497,57.0526101780204,652.5262595321256,3386.539460233593,clear
77.30441114377523,60.304955780978574,6864.864915743859,3598.8502140433766,clear
126.22225680575545,48.44864054166661,3604.1516148325595,2282.5082574095563,clear
120.08251488191927,57.567064780334334,3723.9357250194616,3436.3549884660197,clear
210.6624141189048,56.47980643591693,715.5500970859919,3182.1614601670594,clear
73.73965014885648,51.14439106905827,292.2670231442171,2548.464952507283,clear
76.4831625163711,51.27317654568327,559.191218809962,2580.0699484158968,clear
139.1293901600213,59.020425520518494,21926.233125167535,3479.2827974584934,clear
129.8709431342997,62.45647264266244,4924.474603360832,3905.531586071176,clear
83.54963356717228,50.76701243975751,417.2900851697734,2529.91505198791,clear
116.49199311581782,47.30376796934755,363.17340892633354,2353.133119870248,clear
97.86376214072524,38.53113749841082,1064.1271778056937,1533.036424728588,clear
145.6030343374098,48.03189399201478,544.8902977840606,2347.105755333431,clear
142.81615458589349,61.034870490557765,2573.759767033055,3713.1483570186415,clear
128.68267858746938,53.32208779769248,3488.4806269377736,2818.3192044101233,clear
85.39556098723796,48.64006373559471,1265.1855495904456,2366.3055078961042,clear
118.35979751199999,49.25605189104695,181.34068150860207,2462.1254176353423,clear
92.83805167179969,54.87116718115626,2689.6049982379536,3079.290490519481,clear
142.25461769491628,54.30591301065811,4123.351585456893,2959.220556681786,clear
73.32454011206053,51.04567652123138,899.7084824608667,2556.728640841928,clear
109.7535717817081,54.601988567035384,1282.965198959913,2983.947233172693,clear
125.91267204707948,58.837654340583526,4228.595658864865,3307.918905120131,clear
90.99294249459712,49.948905876103005,652.4553365330032,2542.9166693645143,clear
78.25893413197106,48.90151971279732,955.2385705121159,2409.4465354811227,clear
149.0931676338927,57.457724225632354,3354.616432655516,3387.3077871426553,clear
104.24992783612753,54.452655790263826,612.0636897001735,2897.411001695586,clear
88.7977147483123,50.06847103923337,401.7528753857946,2508.30685214579,clear
138.64259673920898,55.50305060250024,415.9628962952124,2988.983738731944,clear
86.90231958521193,51.584358132816575,877.0889790866195,2620.6725664416817,clear
79.63376061093558,49.75517988289944,721.4743845233428,2397.3387420384784,clear
128.0830896981951,60.09684630156955,2814.240113577698,3718.0041909782904,clear
142.61487413402313,49.7991302998611,0.0,2410.088551381787,clear
104.8502920221273,54.37694974219961,539.4761518248968,2948.8253648002083,clear
135.1804675284629,52.92648522867508,800.2703787789598,2816.052590575436,clear
133.15118863701105,47.0284080157675,3670.514577408643,2265.429915323359,clear
72.7403516275512,37.65675881017881,1232.1393205052168,1522.7298737558576,clear
108.76658899378161,61.80098720951181,5563.540194837872,3807.1879419226475,clear
142.7166035015261,49.222141449792844,798.4092874565358,2445.6256891730422,clear
124.33695232815083,49.75263009720784,470.6887545282446,2403.632702308297,clear
86.41451198616141,50.42923410599904,0.0,2619.7279397034895,clear
149.16979243453062,60.01236271282314,3404.873171529817,3644.2593817868196,clear
104.4298275686781,49.675260012883136,599.6316729381487,2479.201121784305,clear
113.03699476211851,65.05324234496203,1453.6007777365976,4371.343532599269,clear
140.23984407197986,49.554052882124736,471.1370829383995,2344.333899659966,clear
136.2667380277819,59.57813708062856,3214.0372657920625,3667.406579838675,clear
131.9037081281269,60.94362776893754,2769.2894168759553,3694.563335057317,clear
82.03595019767252,51.490157403822714,259.2184367110257,2610.312427873073,clear
111.84694883140898,57.185443370386814,3096.5138289554584,3265.2530918970656,clear
142.45944973335241,53.07068071971043,3215.036661830343,2932.253106437723,clear
78.52905915738884,50.879995975621576,761.111111527605,2597.463125327699,clear
146.7817351586844,49.58235629877824,388.6820785427708,2437.0489510184198,clear
141.85482834812544,62.45879066690859,3575.1067061675226,3918.539707494255,clear
130.15195694396596,52.73682357527587,3573.4715547187784,2779.4427619421626,clear
110.24886808406458,57.81324292556709,3109.0731212705955,3341.083313238859,clear
144.05089717355264,47.47353488102029,0.0,2135.4710696809784,clear
135.7928806502895,49.193857200128164,263.8361326797328,2428.1442875517528,clear
82.15233589804158,42.05882413951034,140.7765325186465,1918.4414358164468,clear
214.6067551047898,56.439689839135156,974.5282798532614,3139.754665870531,clear
105.64430755178903,60.47256093763548,770.7164355693128,3711.170314658064,clear
189.9643410763648,59.70540731846212,677.3476355726787,3634.1130962372113,clear
80.78505130989237,52.78022265652385,373.7558400090011,2679.72822794506,clear
138.5285008986001,49.83344636295344,0.0,2394.7225816402524,clear
89.06477689664099,48.06234751840526,577.9354599760351,2230.799131263516,clear
139.7703450792299,55.48946150769731,17329.555362564563,3241.955312303866,clear
81.81499522895295,44.97524156104812,295.09201084090836,1947.4644220788164,clear
91.19822426213948,56.45846776919684,2704.0918890031535,3210.7532180140415,clear
143.15890229645592,56.60660540039981,2970.3348559853794,3228.429194052702,clear
86.81423773154997,50.071544994231,669.6485785085489,2584.4477564713125,clear
119.72970592392414,59.94360233315072,2386.152356620267,3603.389301067387,clear
128.83498372935287,59.72952259274941,7429.2147742908755,3440.095240389485,clear
94.68692090542928,53.00104870112891,836.7530451746889,2810.918790938246,clear
86.27344744584443,43.71053827456919,238.5051069791557,1965.408958665809,clear
87.54580988683426,51.65721969865673,798.7345239374846,2749.0708483458197,clear
101.17115269374499,44.724434846182994,0.0,1983.0457689521238,clear
125.50168693410454,60.225317008842715,2682.6535636068434,3610.272533863337,clear
98.21048577078484,48.68363331325069,451.1000392369564,2343.434049714342,clear
97.1043888969773,53.217770066078884,421.2150108361016,2768.1144041636326,clear
123.52588912258435,58.33448681749337,2819.026903288205,3390.081637751862,clear
130.8785705899572,49.190407385646765,3113.837264200608,2514.990333801028,clear
66.25872017248278,50.39474555397521,441.3083214516777,2582.396639859454,clear
133.97801718099527,54.13744563962946,798.1218641804421,3054.0032095812176,clear
135.07365803771287,60.98175777183567,2991.5536476435323,3700.3605784775577,clear
90.50708109320462,49.36551612699856,928.3719580781138,2341.2114459767718,clear
109.12823393671447,58.81121557833769,3310.7082962093887,3309.1441502703046,clear
87.67727360989176,48.97574790081938,1023.2367237616211,2416.745548710753,clear
90.31709910691082,57.38125631047696,2462.1061468610633,3249.220677110032,clear
153.78894481664173,61.61120017254252,3673.554298641183,3854.0526324473126,clear
154.54129496013707,63.102715630122695,3397.9706596449687,4054.196365552795,clear
118.15482212410794,70.46150938371223,719.4473335585562,4905.595852521829,clear
144.5172362462058,48.047682571274215,318.4843125691643,2240.433221480361,clear
146.72799951588354,55.00517554694677,3469.271665392377,3191.6646504633427,clear
117.09403611566486,54.096830324704094,829.0731287481248,2716.098654652523,clear
106.31580985612328,52.49345991232471,2777.105321808842,2814.7814117551143,clear
118.5066453207437,51.86060905126783,4511.766739226314,2586.826557127836,clear
145.052416479741,55.866745541891774,3485.795843124003,3204.922241407579,clear
102.11874489694479,51.24401160470574,260.229593892528,2549.8853261545496,clear
101.62158210096938,57.57140842011851,2553.476824382094,3320.9109973775453,clear
88.7029020519375,37.848835308553724,1260.0579964301608,1450.5717859574675,clear
70.45049969754908,35.14775958512132,1447.586037547497,1241.0933604162208,clear
165.0328539655668,55.0304764738253,670.4267687530146,3092.113816932332,clear
86.9732238860459,50.5320549189881,654.0893971923515,2582.1665783680032,clear
114.21641026675813,65.95033366283499,493.9175397367488,4328.715623089426,clear
87.85289612715208,46.7804235775268,790.1478544506006,2235.0388359333324,clear
86.88285278838596,50.608224715504534,545.5696492152974,2495.5548396705512,clear
137.5593463369015,54.62573802906301,14716.736905693368,2955.2356884661126,clear
88.99932499863584,54.29359078930799,466.3830949425959,2933.226777778378,clear
98.49163255318877,58.15006120555827,2377.0959562915905,3322.7975870547475,clear
137.69718462847857,58.14880086640414,22061.67242528405,3469.036015964779,clear
121.75333786468245,60.737224578491315,2492.740846433033,3598.093028737526,clear
75.20017087762608,38.7955422394944,972.2080976755434,1426.6682975229498,clear
76.37123975608282,43.6646384495868,0.0,1917.1019542572828,clear
124.84871585914489,55.68673799691324,314.82719845935867,2902.1204682625034,clear
77.48052694516859,50.7102623224851,445.2322209064213,2520.2024351783803,clear
200.82051560574078,56.510413200356204,364.6543557488485,3142.1372280843243,clear
120.19559392372811,48.96976524326533,3123.314207570335,2427.547916806377,clear
92.17648948312623,50.544544382593216,393.880280238142,2510.9973720832504,clear
68.04869771445715,35.12235359956883,1082.0623362295983,1163.5362746448911,clear
136.9273433754755,53.77954047756888,13591.416410171461,2808.54590528356,clear
89.44924488389483,52.24251314184647,873.7485570874858,2589.8278990246226,clear
87.28692035236136,49.932134048573054,628.6441489122335,2536.477899060433,clear
111.6935195737638,67.07667600948513,753.3621911290135,4454.931301155712,clear
125.02370730510829,48.657336091445195,3240.041323402692,2417.9581827101633,clear
119.10415681338488,42.64125623098596,986.8020067538548,1881.8038039283983,clear
86.40054615236627,52.35392701240989,848.3673587271817,2693.069566846847,clear
102.77441289069216,55.65898633746321,736.4909152837057,3013.8254208705644,clear
78.06906897018085,36.68800311104782,1514.1650888676882,1374.4723284820686,clear
108.31304168126083,58.583347563857686,2736.9578458161927,3446.8719181270476,clear
86.46023557601279,52.12941939979235,391.8509505081161,2541.4595185388675,clear
150.18175899214347,63.06047429690943,3841.574187226148,3905.9626568681347,clear
103.99964737483943,49.272518469054376,472.2642721063265,2433.7427508051956,clear
136.73603130548318,54.41374411261604,14885.42797911974,2978.67806719029,clear
113.93151077472268,45.51935986758084,0.0,2014.5348334519824,clear
85.20225109852478,51.172314484930375,411.32007274476723,2595.0594837356894,clear
96.29075452562313,50.225726562701524,887.2240597872785,2569.4448115555133,clear
144.58587045881183,50.02333522837201,235.8304211560762,2523.879774377216,clear
90.10571080083655,45.81851276722485,0.0,1993.5142455746004,clear
91.72366456954215,48.20782413718057,0.0,2359.1415038348873,clear
135.79839534694042,49.22902745097729,276.0968100628826,2392.0785731981837,clear
80.50765865552032,42.815620518644415,1020.113606207252,1923.9297981774948,clear
86.3065339144892,48.70785398534236,899.1526441131574,2499.363298294457,clear
92.64146139442995,56.86085980342909,2626.7689635252787,3238.9484515495515,clear
137.78385498755938,56.79323424501351,18446.6398108764,3169.2099647811137,clear
71.96526103892845,36.5785996446719,1748.3458391386873,1384.2964763058894,clear
124.4969068034432,57.433734552892254,2739.6266303246734,3391.34662349773,clear
113.30658237786567,50.87804877780772,2791.1457485358937,2636.4235984033476,clear
81.47906273882349,50.17168333305668,516.4991194201622,2554.5491486709802,clear
127.89697607074591,55.05594431796372,3367.8144719587494,3005.547595378528,clear
73.51878358242216,33.86110375849075,0.0,1128.2877842653736,blur
151.6093667810223,51.866534860011576,0.0,2659.4219589817885,blur
163.86902771896408,49.00422525073275,309.175821806646,2458.838789468037,blur
123.14781424940507,60.76635907151212,203.6680286192816,3582.3525677321622,blur
125.15856125926382,33.405266360794336,0.0,1129.1892962794382,blur
112.06212736239257,60.42505778404335,311.0402630036187,3712.366820085672,blur
147.81129093972785,49.469056595346665,0.0,2474.425406219561,blur
111.34049435351888,34.07461030447067,271.606268516788,1075.1899251425252,blur
163.5462902160778,73.12375757784382,0.0,5436.209215695598,blur
99.13466130192451,36.38151318146713,0.0,1324.6314575155168,blur
136.78367484891163,49.621718778914044,0.0,2478.1287069505747,blur
164.4402105085859,40.131665873079015,0.0,1496.3959320011263,blur
113.78861763545414,44.64467244641644,0.0,2033.439625064656,blur
78.82969272394018,33.79764407107533,102.18197010052292,1148.0701125013056,blur
153.12961173234962,50.99392355247606,144.2688048773028,2594.9875749987877,blur
129.42131618750176,45.12029101241902,0.0,2024.1978413890354,blur
82.3834200067463,42.85325026803957,0.0,1834.5328571599564,blur
86.03656015951053,42.13330220125044,43.10478218078386,1791.889032932167,blur
166.0030040446286,49.210737979286506,584.1748248996347,2453.3113344130184,blur
127.34806343849232,49.995670121469836,18.25395117572169,2537.2799907020453,blur
64.31408940344237,31.722369047682896,0.0,1048.886396859994,blur
166.50776450513604,51.78630830559192,253.66944391115598,2648.304921540334,blur
124.36138175444258,53.63334759547109,182.7647469583994,2761.1104718953848,blur
172.38011996634927,29.395480766545212,490.979635398369,803.7609327029593,blur
122.20019376173951,44.37411098281833,271.67745349620026,2068.332002037538,blur
74.7338930457132,44.31351753234195,181.33872283718384,1993.209595079476,blur
124.03693187937327,40.33899230753819,66.53716820200316,1543.3169260099587,blur
104.55393321239892,41.03779048573194,0.0,1714.381971415628,blur
139.72279068658656,43.673201458894184,285.9586819171555,2014.134713240158,blur
111.94074765687184,60.867603980111056,0.0,3663.666407032543,blur
80.72772089037153,37.638612243259,0.0,1448.436401278869,blur
81.06521692031296,31.892062962175753,32.14138720116739,1081.134857086565,blur
124.53703197865624,33.60480527949823,0.0,1149.90108600798,blur
140.88932228901237,51.925555982647595,409.85820385477996,2733.6521950353695,blur
63.178080265983844,38.06660172580646,0.0,1561.0154788030582,blur
111.45045860661622,39.116251241560406,0.0,1485.5612114694986,blur
130.90350613364473,50.21261593869679,0.0,2511.6343762936,blur
126.50763232035673,58.91306183285156,0.0,3462.030442624561,blur
57.95044070276156,32.66123497272429,0.0,1063.736441111403,blur
74.9071307109896,31.718120395564508,0.0,1092.51307516934,blur
84.75354430863625,41.67958974097336,119.61337202093968,1821.5211208071848,blur
79.11914534330721,27.645189156002363,0.0,774.0371658529392,blur
62.679959634540374,37.50811027171203,134.9537975210671,1481.6542719772258,blur
131.51915513487936,49.384517033817765,215.05271701376014,2449.3788177493852,blur
78.91338911646955,34.509423453049806,260.05233588439233,1171.4130650973502,blur
147.3274593593761,31.151673276155304,0.0,879.769844307091,blur
159.34056210397662,68.64939725699762,0.0,4821.311674300501,blur
159.83942335437362,50.61234220985776,0.0,2633.6558319961837,blur
68.61163925508438,38.003999115808384,0.0,1475.1319188036719,blur
155.36876842611625,51.10695989487694,21.33087656779558,2636.948431468784,blur
167.33120583520335,52.0220891237349,0.0,2664.4132042004394,blur
160.61209694481192,39.09568845368763,106.8115492310297,1501.0248386068404,blur
199.43185471637398,49.214018040170814,23.59488712918733,2448.7175335011675,blur
80.97827447679917,34.790532974324556,0.0,1091.7999771212121,blur
158.24829603942564,52.51988060304905,291.4473443423863,2716.3550494457954,blur
159.81498381352185,67.63486831458012,9.1295875254824,4709.055551549977,blur
85.64972945293711,43.09910553464327,406.23523321891224,1822.014609301298,blur
109.9509263107309,37.17677184598376,185.82700230698143,1346.5717049142527,blur
152.43859343862925,51.1761237897077,0.0,2621.3595598012116,blur
78.60622657125897,34.04505968831257,0.0,1172.4603271503431,blur
98.26747215369245,36.52746812378651,586.2663946037236,1326.0874030218722,blur
161.5219357925087,38.607437027972956,473.97427852753503,1548.0598733386166,blur
175.7223874433604,51.006508393164644,303.6431537734632,2633.423143320726,blur
163.56163643885785,74.35303744427043,0.0,5434.772270037355,blur
79.36766305831891,37.33184529475906,574.6454924541516,1414.087403192658,blur
164.4547231559509,49.13295583041115,0.0,2472.365435436531,blur
90.86277613362425,36.32718565035888,85.8246851339493,1350.1354712161344,blur
76.08214816674166,44.8833956065576,286.2643534446812,2051.7802380917706,blur
108.15608322346469,33.501927611278475,0.0,1120.2550204508505,blur
121.40802327828038,44.90250025579558,0.0,2073.591184152643,blur
86.15871337964987,42.29021172720642,0.0,1893.2331563250707,blur
63.44369359186716,32.68402078967591,0.0,1091.3030793432063,blur
83.74388406210284,43.128815554795814,955.5042929314441,1892.7266321418601,blur
95.95136697041728,32.689401697342426,0.0,1103.238276827752,blur
71.78531029354392,26.21109991789216,0.0,786.6358152395738,blur
124.14334911537625,53.09014113791751,0.0,2722.7149586774135,blur
155.8410485126759,49.1515778478517,77.1718090029353,2382.4430525602015,blur
86.42884523789738,37.72388020124864,0.0,1339.99311159291,blur
63.35173930963729,38.133959979943356,101.85266023085978,1431.8446827025339,blur
91.52651044922702,31.107330727092325,0.0,915.7026545443799,blur
130.5616388964114,49.2534236746984,107.14557048798002,2495.95481960778,blur
96.08563811604957,44.70457392022786,0.0,1989.1188135401349,blur
110.98518231929803,34.480065277297385,388.1079988070543,1063.9076054901866,blur
141.4763098469088,50.64517324151309,0.0,2543.553413397577,blur
201.82959895940976,28.15511191977488,0.0,782.2252634048534,blur
79.31132138317922,35.775387713212275,203.31086002020945,1244.6913069468646,blur
111.97738155301376,50.57823365868463,76.99392200128422,2499.3496527984494,blur
171.17461950015152,49.73419590391769,0.0,2469.4689763479428,blur
116.27815420736482,62.2291301257058,0.0,3905.5735967366973,blur
154.1485319102636,59.43561996447943,0.0,3642.3021811214485,blur
76.38309779662649,33.34331509542678,220.54966440261825,1026.1269358405896,blur
125.88304533374337,43.71576031757921,199.8833172671627,1884.5627519587272,blur
122.48762740353877,34.22936757757674,0.0,1163.4458357678243,blur
160.72359160492695,51.941539747645,0.0,2753.118896151446,blur
128.09913534792193,50.58331341708072,86.45461795842064,2681.342845574332,blur
121.0787919501219,49.2815113872011,0.0,2384.325645053054,blur
156.75179751162565,37.85074405714999,0.0,1532.5791899770138,blur
139.05846177925486,50.88233378176819,12.382104109941103,2558.871883413378,blur
153.00108974249378,58.36677014986928,0.0,3345.826039731826,blur
62.82937903832076,31.670577156805624,0.0,1066.1169749002022,blur
151.60874074726223,58.869737414189856,3.2738856049848146,3528.3106283779885,blur
119.36886451920284,45.05526597042917,151.12271804602565,2005.1791910875327,blur
78.19326954715591,36.478368519412186,798.988008827012,1376.5977093460267,blur
144.2828472305583,29.111132536271157,794.4782232884587,845.7612415684993,blur
120.60811676091315,57.48642000940859,90.25598032835225,3351.4463006499946,blur
106.53329031645829,32.69946863376978,0.0,1091.3201091366898,blur
110.38915772333903,31.797209173759175,123.73329108770959,1010.2217409073612,blur
158.80121997067766,29.983874190127835,441.67057400049947,845.1495522650201,blur
123.30738878940257,44.567262758620636,27.582769086806238,1989.9172911360154,blur
85.0279741452195,34.150696593005996,204.3485703440628,1111.746924400412,blur
184.84424092796723,50.04564104971357,0.0,2442.0724488106316,blur
136.34684498406722,54.09424886857871,59.667816073373565,2942.6648525664714,blur
87.23768521194408,32.43374786450112,0.0,1059.6234413489467,blur
110.71891335111789,61.248126057496,93.2743096897785,3706.8603528592957,blur
131.843854024949,63.199593085438586,70.39738237019083,4034.9083715478373,blur
56.38943371502514,32.5713515733679,0.0,1056.7183879662664,blur
143.47941590128076,49.9242828161445,127.8657107653486,2564.912730881716,blur
61.24207520322019,38.4506779833395,0.0,1480.353469113596,blur
67.81713105657073,38.179638948668966,228.82343059993096,1452.8845612288835,blur
196.5476452881579,26.65485705442181,0.0,770.4542890410805,blur
65.65607190604938,27.760919479047292,31.91504240245831,795.9637688917668,blur
163.33840634184557,26.647357843630537,360.5352543547512,777.1662926775025,blur
155.57809716741696,50.34402217247392,219.58412539929492,2418.8540958986264,blur
76.58671233997524,27.24161602044537,466.6418456349894,789.5978235166133,blur
54.25166370227944,30.600772960714096,0.0,1038.704007958017,blur
53.694607566899826,32.03142495692332,0.0,1061.7936378707402,blur
102.61951228207617,32.65839933530114,459.25087513137953,1032.9250624139192,blur
93.61118848249131,36.65741959243747,0.0,1393.3291314630844,blur
79.7880633325454,43.34927019222994,0.0,1810.9003280169447,blur
133.67156328454536,49.244037565076916,508.7288629832051,2578.2360234177863,blur
154.41279186782344,59.86302140639455,191.84932113000377,3662.1033226600293,blur
135.93691729115017,49.73421271311306,94.1379116398398,2473.6573766796114,blur
62.89184670385797,37.752942267640364,0.0,1518.2730106372558,blur
93.52805008896893,36.43893997045201,375.7506348596213,1288.3605113611106,blur
135.21733290948097,58.855119069175075,0.0,3421.418328867674,blur
196.4922790132377,50.9939883006488,0.0,2497.7152033712837,blur
133.85537965252036,55.30651696810586,511.27144646846995,2976.5237536929653,blur
157.60015493844625,73.43296092194555,366.75994821122106,5248.649665429494,blur
175.5220411270051,48.653402670359135,31.075274633175592,2374.4334916767875,blur
66.0739707437868,38.361937639174556,680.0999683754923,1431.2304594875072,blur
151.62627480314865,40.16969667749955,67.56513605250953,1539.774398227453,blur
112.31620710209579,49.555223604920116,0.0,2458.4106731555376,blur
132.10079623201386,54.289091708555766,255.97013792871016,2910.9001898561787,blur
157.03951272106752,51.06368701642669,0.8688743435998596,2721.7156100372235,blur
103.75697223721852,29.911364739053717,165.48954499473612,996.0916059475742,blur
95.2185041374077,31.608991445495555,668.4741453723312,940.7826223173083,blur
84.05047294614349,42.34068356651826,0.0,1800.174832576108,blur
85.74079959376269,33.77363561846872,0.0,1113.4672278223811,blur
134.05370796916853,58.906267764741564,322.98876115795457,3429.1528464699622,blur
93.4799631523029,33.00902490765049,10.71091537584457,1156.79034849557,blur
94.61547999032386,33.70310252784718,0.0,1176.7331174316919,blur
86.13029693656891,35.464449672443855,10.715532875297967,1235.0320741856651,blur
79.36159666054323,33.55338717343332,306.66638008624784,1152.2967442729364,blur
123.54849249558683,52.18877598787525,30.351578024957796,2657.6698969878257,blur
179.4162940099713,27.96285666164624,0.0,729.2499539904246,blur
145.05447970873794,51.248714509103145,0.0,2637.154069980259,blur
101.17965501492277,31.784503652139783,0.0,1001.6599680821279,blur
0.0,0.15131139131867655,18.047970261356728,0.0,dark
0.0,0.0,0.0,0.0,dark
14.098592697711085,22.34993499287652,330.5098230547535,537.1939344661466,dark
43.75982283481062,41.04588123241892,196.42125589975527,1803.2575327400698,dark
22.88369365798252,26.589447962306334,152.73174876475647,639.2902078362788,dark
3.049991487980298,0.003434018859828575,313.25342927731015,55.58418949654344,dark
16.881733068196567,31.688061030770363,373.7329006760103,976.7683704914328,dark
16.346336989189876,23.80892095047519,0.0,591.3889454587704,dark
21.216726664353484,24.329038004640296,0.0,632.9599872438821,dark
26.69817663057135,29.01292714670238,15.324827629104941,789.0251132142869,dark
7.733613741267161,14.892665148694581,55.56051967675027,236.44223737159604,dark
3.5971546498509546,0.0,212.5372189039013,0.0,dark
43.99614355064075,44.144676620683484,0.0,1957.4366608178764,dark
41.42397574875784,42.40200972680034,187.94392436162425,1630.9659304679276,dark
25.276694649323307,28.885023850480962,251.56604186744704,853.1626785549112,dark
34.509512621726216,38.13691763117996,258.8929416107462,1428.2437282013118,dark
25.017923272441873,25.702819039494756,0.0,639.8963589195466,dark
0.0,0.0,811.6680857288537,0.0,dark
12.456513100971936,20.57857154599477,0.0,381.38819233412437,dark
56.61745409408703,46.933577832724495,150.886278147791,2282.630595464903,dark
20.846329478654578,25.244474965719256,0.0,586.3803802317689,dark
24.548024857644506,24.117842827037936,668.1930629342426,624.500799986508,dark
14.396718959844943,23.613195390720048,0.0,538.5888085839504,dark
50.47790106765477,50.83352804619341,0.0,2548.9910789657233,dark
0.0,0.0,0.0,15.067126339920497,dark
10.726978141613003,12.800884339052953,0.0,187.52412893786465,dark
78.67222859604216,62.000133607701166,0.0,3881.3666689701927,dark
1.1829722948753343,13.646989907953516,102.86392407426224,229.7454811239841,dark
10.074465063280043,13.157856579640455,546.4711277389112,245.969294628623,dark
40.89890443653635,41.07275162389843,246.3864293042721,1657.7044191059915,dark
2.7697420556048415,2.043183727127038,152.93715280400238,0.0,dark
20.171720812051436,22.795764412200462,309.4754616962114,511.6349321831436,dark
68.56787316395229,57.2293543985021,24.687323155979225,3165.642564246937,dark
11.020444860270796,18.527392204994612,187.56409612539514,322.267064055435,dark
22.569999857757143,30.36258050998799,0.0,859.2972892598988,dark
0.7785312040133884,0.03400014618041795,2.1897884840494126,0.0,dark
17.124149432946645,32.01071477843264,0.0,1057.6498770062506,dark
0.0,0.3546332094377853,0.0,0.0,dark
10.500095766538482,12.989239574020633,209.34107719240444,183.01134717366136,dark
12.043827112584598,23.495281572550073,93.22386238763946,536.2103280596581,dark
0.0,0.0,69.77867168662142,0.0,dark
16.0148311963778,22.466707496405746,0.0,580.556539831061,dark
63.385609415711016,57.20367782226616,0.0,3371.729490791772,dark
43.09631924239612,46.0248274060996,0.0,2181.20381028453,dark
41.98905001412888,45.22762655319885,0.0,1945.6622374629846,dark
7.8167972126506875,9.49867987346347,116.24066814201475,80.57229449829637,dark
9.36577305984717,14.289286048532391,0.0,126.06573723050141,dark
8.144046003100513,12.605786630820315,104.00459465943422,152.77156474508033,dark
4.671050301388932,17.135145150392482,0.0,197.3017720614044,dark
19.467983208331376,31.244288031522096,0.0,1030.8520854373921,dark
14.61528269883857,20.046908906661375,47.747905500525604,382.2342819794596,dark
6.834358379352406,12.097697852071496,462.26962269901924,155.16960889239917,dark
20.261412594898555,32.31507804698053,614.5527644614353,959.7823578754227,dark
19.153215244089584,24.599897834687923,0.0,628.2202109489051,dark
11.490033299299196,12.275897721202858,0.0,137.0194074110237,dark
0.09313905460856843,0.1451528391074013,421.4003622013655,0.0,dark
59.12746082285495,52.76929684650225,0.0,2791.570157111934,dark
16.8263814661036,32.15124259792237,0.0,961.7380307634993,dark
21.476545967333333,29.99008640939633,0.0,831.7587172272421,dark
14.192005918779838,19.8912765980133,0.0,358.09565373786995,dark
20.669743868146817,32.31989571623513,337.8441803267664,1069.3568729247222,dark
0.0,0.7814173699604394,0.0,0.0,dark
12.037438766031846,12.665511826282033,227.85701958391996,177.49448081047655,dark
24.984179975940727,27.782832154390825,0.0,801.794255467069,dark
1.6347923689825867,0.0,0.0,10.367069167664422,dark
47.153925668950926,48.69606152712732,0.0,2319.8122585353594,dark
15.831361067770473,23.986868707382587,157.25073468837851,616.6883958279146,dark
26.128179448582312,28.79629530669849,0.0,875.2525680713263,dark
41.12920645882233,39.54018093314446,325.49715589898693,1612.3342594243964,dark
5.106739627999913,8.262399764204487,0.0,56.160172392934236,dark
0.8570506130768876,0.18221477067122116,120.99994821001272,0.0,dark
10.340484094043319,12.98040371097639,256.1911754654372,253.51601660085484,dark
27.490651432461238,28.979631332949193,139.49646791683296,819.5790739777708,dark
24.19330632966919,30.338340857716066,177.9770510879282,890.3562571202067,dark
18.16496288415749,31.571503325279537,93.99487082391799,1031.9243246474105,dark
6.433114074842806,11.45555615857917,278.96950413336066,114.88088068231909,dark
1.8476457138382474,0.3706592016219671,108.84464509024106,44.341776158483206,dark
6.09137471144599,18.63580658397002,177.67664115957695,323.26508662494945,dark
69.40940582416357,61.33218334856695,0.0,3823.865945053369,dark
0.0,0.0,0.0,35.73337615002579,dark
42.46411805907133,42.358044130491464,0.0,1750.3523875501826,dark
23.202480240053255,29.95098337667097,0.0,836.1528471274172,dark
61.925686067607636,53.92228640562319,146.76546098256583,2956.31811526682,dark
29.767751402490934,37.12521499486256,620.3767874949737,1300.5936401853255,dark
21.48241281243455,31.450634957335936,0.0,970.9893692609953,dark
0.0,0.031994848838354156,262.761850073576,0.0,dark
11.817454956192012,22.35807982740269,385.5117530317847,485.6802759916959,dark
20.622655310933823,31.213325152909455,0.0,1057.0408387380048,dark
82.87182353420785,67.59391090333142,332.764318993215,4690.158821872447,dark
0.0,0.5193397399642736,0.0,62.617284867166674,dark
27.700093026731334,29.37645437828506,0.0,826.10780401125,dark
55.956168134117966,48.966174109219025,0.0,2536.384230154297,dark
12.546816991293804,24.24456329066165,0.0,585.4760627761666,dark
14.775346637962027,19.638445347315727,0.0,366.50388382724185,dark
14.192241312373246,23.78381183460438,0.0,540.4314495843925,dark
8.111348243314348,16.855674672645414,435.99830729713864,329.79395911522664,dark
44.49608470390552,46.26382784808854,349.80873443458563,2187.280287421911,dark
18.315297019479726,32.149424180349534,361.6275368193759,973.2663061781982,dark
12.422824041171449,23.050457251747932,0.0,515.8597579187574,dark
9.63752801606392,18.8687432300533,629.155031435141,353.80785431122376,dark
0.0,0.0,0.0,0.0,dark
7.239362633485801,11.810523083455532,110.21095838420219,120.31035124358432,dark
11.722630165722645,13.475198596193422,190.63875163156183,132.77941321971815,dark
0.0,0.0,315.1730434348263,11.249433836176072,dark
44.629954164721546,46.18327429042307,0.0,2234.537483135605,dark
22.310841744080324,27.404711225567524,0.0,757.931041111198,dark
7.396964114503862,17.434502935801007,0.0,330.54318190801683,dark
17.31604850344696,31.23955232361551,915.8445437330101,1054.66819397388,dark
1.0619359786851439,0.0,332.3047672248921,97.94727998987166,dark
22.06509197523748,24.401924128986305,386.3709200530798,540.9941789125951,dark
40.45787608620474,40.84496499046334,260.8600943762011,1703.7810045230824,dark
84.74365844359082,70.37361641887695,68.45877479255908,5039.105866895522,dark
9.666146393272577,9.558848550286745,232.52384531633544,97.83397616034958,dark
39.49342138989249,48.07641397800465,332.30799902456005,2165.8557069809935,dark
20.571887393167007,25.96854922416654,157.96423093643747,691.8497268718684,dark
66.892689510394,60.00408873085431,0.0,3672.190983653667,dark
0.0,0.0,0.0,0.0,dark
14.728762827880514,31.01052552547874,161.2192903882262,1013.6203181380815,dark
14.848204553215036,31.655199598013294,76.8664473867912,964.2769566165667,dark
2.2787096282378885,0.5788765875159512,86.9302976805804,72.87258499786802,dark
0.0,0.3736402874891335,146.56322093764473,0.0,dark
9.425383712668136,12.352151720298199,0.0,157.4389529874259,dark
27.38821393743632,36.106120134169736,180.41469939289323,1301.6454816052126,dark
12.182897937916245,23.338273315233366,383.36103405489945,627.0154336032252,dark
44.86037907814541,46.75635701671371,619.9373121644711,2208.355842830673,dark
17.28268247834739,32.05223286954904,0.0,996.8441052129288,dark
45.33571554903962,48.86422483220648,0.0,2426.665130462627,dark
18.01485432699395,31.71351419150928,0.0,1017.939462495542,dark
82.49731276686329,68.40807064990129,0.0,4763.008204150591,dark
14.412036151285946,20.21199931886818,0.0,430.763117557846,dark
0.0,0.0,0.0,0.0,dark
0.0,0.0,106.4723311961679,0.0,dark
54.12257155020397,51.361630294970496,0.0,2611.865871850847,dark
23.054699465888927,32.37254217945477,0.0,902.0411470048078,dark
7.935540815353888,13.510168867789146,0.0,281.06991671480586,dark
0.0,0.04702090071328244,0.0,10.58186207203442,dark
13.197513299210028,23.830362992797127,0.0,600.905085712877,dark
69.95354446627199,63.036590111492835,4.76803062612721,4044.0436116962733,dark
14.13901644510592,23.46850610081145,213.5064978987803,631.6459032975783,dark
24.985460298843975,29.219822238353274,253.3475941021372,829.0853151207399,dark
0.0,0.0,0.0,46.10434786761316,dark
0.0,0.17746542333236381,161.40142546217018,26.736555343448618,dark
16.758688511423912,31.003245691268813,0.0,989.7478741867568,dark
1.432537167973347,0.25259315986006997,130.1046206422498,25.14491162319911,dark
28.46369546314512,26.19350690054795,62.46119151394185,699.2447779636244,dark
66.3731067192998,62.45235784230732,562.332544221489,4084.7449005167696,dark
9.725703159668923,9.781662678596003,16.39809155042205,135.75400322950426,dark
4.540775940579947,14.54481966455671,82.58339293537067,212.06636316014357,dark
2.513249454667961,0.05461002172967992,0.0,0.0,dark
29.26567754512301,26.323424853224854,0.0,706.9828628265896,dark
18.75053326822747,31.523509226269372,0.0,1013.5937799593521,dark
8.447316100805592,17.633819631497715,0.0,291.1543361928795,dark
7.302974484248577,16.23535192584027,0.0,269.9137517890079,dark
0.0,0.17852665789827238,85.6920342928416,34.274416018918714,dark
19.94638525562607,31.15494415777223,541.0886829888775,966.6357752449173,dark
27.48126027181944,28.34105700054512,0.0,690.7546923196792,dark
19.439742344872545,25.683499726550064,0.0,648.1361194614823,dark
86.85206572189196,59.3237666954421,24103.902507602543,3427.029393786223,noisy
95.93888556772585,58.56837748839753,22942.145234344185,3521.1030593791675,noisy
70.09198902465532,57.42689123241329,23879.008267626683,3253.549333825255,noisy
113.74623866528691,70.1459007429742,23007.58562378316,5079.368535591863,noisy
133.63053881914195,72.6081036090263,22594.000663424908,5232.822490658881,noisy
69.94179192555963,47.89884125975349,24315.914268135566,2244.76388599113,noisy
110.31860812268627,64.37386971435551,22985.049299812355,4147.997209363673,noisy
164.93764697161131,62.95518946002208,23376.604590409515,4085.880465493151,noisy
114.30210425323119,61.612382811117236,25017.346220856958,3843.866882402548,noisy
165.66379205327885,69.49871521040102,29387.69668106428,4791.409930719266,noisy
92.52298028070958,58.91884473824489,23547.450286271815,3357.1742241198444,noisy
193.76084228145152,48.43962107452211,25092.108793456977,2315.940646772488,noisy
98.35727454176336,58.95363939312182,23307.288166187842,3516.4979171382433,noisy
81.84710887188812,57.59525710929518,24650.03453207105,3116.0916618401106,noisy
146.07188293937173,63.2099006597705,23045.608118255896,3885.9741453772176,noisy
84.59238591434625,55.15969217561214,23197.79673544622,3185.944813375429,noisy
78.5442483372252,47.52922468199629,24641.05839287586,2282.14176440683,noisy
185.29578091116366,60.35792619005532,26457.705769093373,3810.5463168146007,noisy
102.52706819939549,55.62237477656056,24389.861959634687,3097.4795816823685,noisy
99.20329373364403,50.45152367720397,24181.50150013355,2594.9899727698753,noisy
94.99859112657987,57.071804190081096,23034.665984900555,3456.827485428264,noisy
95.63393765379612,58.45252470549352,23161.082895877833,3500.3249028352157,noisy
111.62843309782173,64.48545855291675,22768.010700356044,4122.078356245638,noisy
183.26972725117545,49.5864292181858,24391.586614922642,2483.6837126587798,noisy
160.97953707400208,68.15898608830274,29290.286589305506,4689.5976347161495,noisy
158.3042432163446,63.69812111581469,22256.15614094858,4029.5762014652773,noisy
162.65046245441536,63.39057020272713,22805.2752351313,4036.453716003908,noisy
162.51426734321464,69.97517656104249,29257.895420899466,4855.281691795991,noisy
160.22716748165735,64.27279976878297,23665.614727302946,3993.543592445972,noisy
81.52647697145281,53.09800669745891,23507.623478686484,2933.8040043482624,noisy
70.48248393181508,47.11005017428963,24048.864457805703,2150.1516380206435,noisy
64.90408592944458,49.635818081739934,24223.045037834505,2609.684568933339,noisy
73.36265027130281,60.59780730786984,24019.78336933875,3730.4568946637987,noisy
151.77748708156153,78.6061360337993,24050.591242367886,6324.543235883247,noisy
78.11702731931524,59.20720664189021,23973.33786272908,3589.2667281814356,noisy
87.62846372336546,56.61877048085727,23140.367634994094,3257.373742557216,noisy
130.47572550347974,54.39473463321132,25287.095243770378,3111.4322165647886,noisy
108.51898777398817,64.22058199281398,23223.36065237775,4152.081642390209,noisy
163.7382821797712,67.79367337826996,23035.648304821072,4579.90096849448,noisy
97.22218849270686,55.78477427013522,24722.097178041593,3128.080533590756,noisy
88.53296135577591,56.999591306375244,24336.48578198717,3119.4820036652195,noisy
166.47891842408316,62.156012634326714,26733.856690291253,3700.918480232718,noisy
177.07565828157928,49.92991155606375,24364.350479074626,2520.0820606002144,noisy
77.01802102188928,57.60307294376358,24332.6897934801,3368.301042050473,noisy
87.54206825345454,62.37900875274251,25151.376144200647,3813.5448206807137,noisy
78.94016051251259,60.04701810662327,24679.33433353165,3600.269745861901,noisy
111.17713679937782,53.40640839785118,24304.429866203223,2844.0764878595273,noisy
102.80725508550462,64.62338107123702,22940.509081337317,4166.053823159749,noisy
73.92626266473322,56.59600561572795,23962.848605253388,3334.890592564312,noisy
88.80474372949959,55.41791700158953,23491.02267758913,3009.437998548974,noisy
117.89155436180913,70.16023048355736,22523.048957218525,4980.047832056187,noisy
158.62047790981924,65.07471879371353,22678.520332318392,4221.902216504766,noisy
126.68556515087218,62.95630181904781,24970.983511252314,3932.071099463327,noisy
148.7460906592041,51.18116633385932,24021.209373610942,2658.7307168375414,noisy
157.80891208329933,77.93414559887039,23821.77024246614,6052.830924011213,noisy
113.3017034804415,56.57764699951719,25432.220903557758,3176.1759117767265,noisy
97.20955936962616,57.43120649579957,23128.410739259012,3421.44558211825,noisy
102.37490187436431,51.615022038764735,25084.0097934005,2727.5692752398363,noisy
133.32161825962825,76.65184198161046,24070.395890503143,5935.888896011145,noisy
165.79402006472353,63.60510746142521,23413.560776339204,4254.740145783951,noisy
162.93940413908504,69.1730546311001,29873.780806580296,4951.657815583714,noisy
141.51461747055254,67.85434570665224,23016.15862078024,4692.867012388097,noisy
122.77752840341675,55.306342780691374,25148.530669547094,2960.1548512932013,noisy
112.74443136796941,65.2508860226245,22697.559437635402,4314.57963752263,noisy
70.63294458098308,58.41461296903063,24074.003895313163,3341.0099419837893,noisy
69.24052497825527,57.966193534334444,24370.939097314385,3355.6574995919977,noisy
181.52862600245075,48.09629046078066,24367.1880730846,2327.42212902888,noisy
77.72500191217982,51.38244114327758,23583.49369711691,2648.426139524818,noisy
106.59527395268076,62.16270443920401,25148.49672246157,3856.7296030562698,noisy
142.36493355460195,65.98171488483082,22989.401282317147,4406.014986061465,noisy
186.21412708486756,47.296414915721535,24861.177180500257,2342.394215821871,noisy
157.14198498097923,66.37711059057581,22399.75133020745,4255.917386888052,noisy
130.77328293124478,67.26427009586335,22429.782049016114,4527.92676603333,noisy
187.51278953361054,61.8501670442499,24881.401153546718,3873.820393737964,noisy
69.43280697225316,58.82176062252102,24328.594964988257,3389.6611472164477,noisy
120.71248177814847,66.39660911124041,22966.039184789955,4572.123952166447,noisy
84.5759923905529,59.66574419806659,24066.665343033234,3452.2203823863233,noisy
85.53871825540209,62.40338404412274,25281.495109182382,3810.1799804861794,noisy
86.81937065289587,58.15180271231152,24080.723569667633,3426.2508266487675,noisy
78.43649552656866,57.70704068248865,24547.77410959987,3384.495055623161,noisy
115.68509563238347,59.467090545763455,24484.1590747576,3486.568786340165,noisy
200.23921162427104,62.475977372713274,25314.022411247803,3929.3540296630385,noisy
89.73469927626206,59.01553475407296,23045.28430546558,3438.471415494076,noisy
122.75989386129679,68.83601288263866,22364.73170431648,4831.123720007079,noisy
104.2070575694626,62.81324443981247,22819.642870458832,3868.869815451233,noisy
154.95821992654058,80.68215157370975,24211.972921587283,6491.485514782589,noisy
83.65191573855176,61.474768026781504,25232.892714349207,3803.5544525039786,noisy
170.27144470552975,49.90160300518851,24959.497466900008,2505.497839417873,noisy
133.34887987117463,67.00452284320944,27914.15696000298,4490.249615028901,noisy
153.80765202301623,65.50888285879415,22240.579798937768,4240.085765560485,noisy
108.39984221317687,52.83961388988707,24929.571978679734,2753.762469708912,noisy
158.03822443741393,63.83008817495136,22773.341867701885,4213.2375914204,noisy
160.48579101865644,51.81835091236711,24857.318084627816,2645.1406092316975,noisy
198.1489708668935,61.16032000312203,25215.287595128655,3822.6982854702333,noisy
66.43920906592292,55.69100482469518,24089.608078215257,3317.1841133869398,noisy
86.68630097730394,56.767012473743556,23517.328208934705,3199.944150912935,noisy
85.60407437701396,55.983548928713695,23175.819398050015,3209.82125771358,noisy
109.5418603820877,72.87694838784205,22515.767548633565,5309.5231680553325,noisy
72.80521676253878,47.202519049034024,23880.297890111917,2157.298905297469,noisy
176.3382071079221,49.87560086618471,24755.7434665177,2575.2201453977746,noisy
80.07321039582904,59.00008350103508,23527.87495805335,3569.8725490462657,noisy
156.84343130592902,65.23529989688753,23437.926950727368,4244.653186593742,noisy
100.03554342125443,58.48402241522384,23352.364281874878,3473.1841064244977,noisy
87.2609895620698,57.723869502382925,23610.46616762613,3257.3811677736785,noisy
136.6146155572524,67.13262098026283,22477.897756800205,4507.294246266664,noisy
90.56788671233636,56.37052045190877,23305.90576974259,3176.9154267793215,noisy
141.67117724172147,57.25978746328608,25749.52757045391,3287.7150622549634,noisy
115.85102517884715,69.9907637283801,22667.84405126819,4987.836555968559,noisy
67.50205908535646,57.42780663288468,24341.135903509727,3315.2888768506705,noisy
104.97385341631863,61.99085579671711,22731.897269677058,3885.492125230227,noisy
148.82763885425967,77.47329984946063,23589.696439156167,6084.021877927263,noisy
136.91857136139058,61.30624344726833,26373.48600981356,3677.2702458715507,noisy
79.52989701854314,59.58545314407051,24917.90611916533,3504.4935889401945,noisy
115.3991096719684,60.65970398724527,23327.001477264435,3649.1395341638845,noisy
171.65910012882713,50.155574033964754,25233.39467134529,2436.193995397925,noisy
106.33950622240887,64.46844312781175,23436.776091457526,4104.429438174961,noisy
68.23933560494888,57.18901382553301,24238.00031987455,3276.5055772058695,noisy
124.39572617191556,54.41600282874249,24954.27966622872,2976.2442244412805,noisy
78.66251629158377,58.13960574559975,23491.382419916095,3380.4995564116057,noisy
75.42432010932824,61.377679142978934,23769.034484553205,3620.705715874499,noisy
99.12515888635002,59.4520132966573,23633.03641841306,3466.9163962064313,noisy
155.51756002652647,57.433077196394834,25072.372327962294,3319.192753875093,noisy
65.38327526769568,52.046522680784264,24718.872035587472,2832.2870114756493,noisy
88.10672155493647,55.42228035548075,22671.868672639677,3165.870597564118,noisy
73.21440118322428,47.01833298373195,24448.99896758789,2255.247115092776,noisy
187.6507698376971,48.41628434068986,25071.819497935106,2493.516793481652,noisy
119.32098316161816,68.77096542554861,21444.30408293733,4691.285479872578,noisy
123.8347115385121,70.32154458277088,22401.72876494324,4847.431944879329,noisy
110.10732565698076,69.58577217170844,22260.649972674204,4864.63786165806,noisy
97.0338853393493,59.86368334754788,23118.01403512021,3549.383008586224,noisy
78.79818303735134,51.96989438359877,23512.114107772068,2827.342707370897,noisy
67.42699638067226,57.22152159954808,24579.49828610763,3260.8296410313246,noisy
68.22147292253958,58.001031737544714,24385.487252936815,3306.2881373365017,noisy
118.59929493503138,71.93610588007391,22640.83634597571,5132.475773434155,noisy
97.04298535004638,59.95115461418608,23516.56299523028,3526.7433496492677,noisy
68.4236447085674,57.64361360170752,25107.934720092308,3273.866473672183,noisy
88.3124426630559,58.48837312330711,23933.81066302953,3390.4998233498613,noisy
136.28969727768953,74.11528252256684,23349.510829827872,5574.24215045218,noisy
168.9866001554784,63.05108393326544,25126.324170584336,3868.1098026542254,noisy
146.1240038864455,63.053035179863826,22718.17033893798,3976.405255176568,noisy
68.63212565981009,55.578159603829086,23876.222808741004,3055.0089344111675,noisy
74.98286126958025,58.88932304225362,24753.83147580466,3496.9027602749115,noisy
96.75861020460718,58.78213217157625,22746.29025600896,3305.4605119673774,noisy
87.38287770859242,54.514068700592816,23478.302732722714,3055.2235894244614,noisy
64.57478451411461,57.969115089028726,24315.99361461048,3406.217246925762,noisy
122.91862679877032,70.79804548044103,23111.21980016013,5052.102188776816,noisy
108.63647646566798,64.5009486790295,26185.168772128232,4173.31664451128,noisy
84.3736392304845,54.92914413163624,23315.451630757427,2910.378864243266,noisy
116.75259712472725,56.64980685971072,25125.345578354187,3175.2578293223373,noisy
74.70982067410772,60.265059360629905,23812.333208895976,3671.426803091037,noisy
66.39683184600756,58.9528868271127,24174.513085202438,3477.5235973587824,noisy
82.63862626074851,58.72123018992204,23036.72842409642,3483.1818527641776,noisy
145.40520368354657,61.696598353494515,24730.994328616565,3875.8036364469713,noisy
203.11332176663564,62.000937272514875,25386.185821802315,3922.271670323604,noisy
158.50346553982203,76.1911349828027,24033.334943824797,5894.9959750920125,noisy
79.41468407350176,58.69191664981477,23928.758028250235,3480.464448889708,noisy
96.60311092642003,60.736363829424135,23126.740018568806,3579.5460863340068,noisy
